x,y,z
-0.7149921333188957,0.41553499049843157,0.5622386668973812
-0.7129658640030622,0.4178958927046983,0.5717345203296957
-0.709895411387281,0.42830966056694,0.5619104135715639
-0.7086366126419047,0.41221504817751425,0.5707336418888083
-0.7007610222568321,0.4183973611523649,0.5674607173487343
-0.715299935396767,0.41329915768251946,0.5687174199835872
-0.7175634234528858,0.4123143483637525,0.5693407172278325
-0.7064470245164356,0.41617002288994365,0.5673935090861224
-0.7142344755595573,0.42014490818846095,0.57114769746073
-0.6982951998722796,0.4122863443788014,0.5719655211061011
-0.7093523654882629,0.4219168255582193,0.5677174096173916
-0.7048815415246695,0.4212800069781069,0.5659296814038349
-0.706626384873224,0.41999468960125513,0.5696260140637319
-0.718420057008763,0.4159232986490038,0.5536116907469854
-0.7114401208602703,0.4119179066104436,0.5627793888617534
-0.7033745391493408,0.40964326424454384,0.5724430103186837
-0.7105178240268473,0.41532451248351354,0.5635720789778583
-0.719169022885669,0.42185408876766967,0.5507988641397229
-0.7099203106341948,0.42518035831893475,0.5690660893186399
-0.7108952975631645,0.4058745011685527,0.5611387321266545
-0.7137880750036532,0.4160369401230606,0.5685591274426567
-0.7148134987907361,0.41073426515342415,0.5649168134640469
-0.7124045081711851,0.41673883496398845,0.5622704922710228
-0.7073124062200614,0.4204044916118826,0.5695688878459779
-0.7198444225090938,0.4182718595622039,0.5655536154072044
-0.7061263906911249,0.425576806432458,0.5638586872806821
-0.714763851526026,0.4149411769457563,0.5689398874004048
-0.7096395319337395,0.4117417974599235,0.5634945048132509
-0.7145482010458043,0.4135920531888891,0.560524121407243
-0.7142251277104469,0.41353536615634306,0.5714934850006305
-0.7125826186124419,0.41608475951009577,0.564047431944665
-0.7116927003106431,0.41794458415649416,0.5602787371018118
-0.7079148710971594,0.41833679834112764,0.563411037825512
-0.7079303968823373,0.4188068355272993,0.5559983129085483
-0.7054598683842549,0.413580268843861,0.5615749503524823
-0.7169579581240384,0.4221062325754011,0.5593306995017016
-0.7202089060500672,0.4189994801292591,0.5666925563895243
-0.6999350520677132,0.4124032785771095,0.5588565958757922
-0.7118667763675234,0.4068430868097463,0.5685601540336119
-0.707715319655654,0.41515506218097636,0.5546332613784097
-0.7092825575874085,0.4216620374590826,0.5654717628687189
-0.7153382540808086,0.4160214345343484,0.566285946535601
-0.7119642106637243,0.41312843371837116,0.5672129215751751
-0.7102035776132714,0.4129784485120052,0.5574655153823603
-0.7034014634462025,0.41540474960664886,0.560177842374683
-0.7121832547237127,0.41312621265201466,0.570991348187453
-0.7110154746327181,0.4062187165672276,0.5638990358145549
-0.7138572671768644,0.4207153106591295,0.5681453330830106
-0.7192859444299264,0.4223947276265371,0.5643628184377414
-0.7128752189910187,0.40725351817818994,0.5694088372450522
-0.7145900736383636,0.415853634259969,0.5677105733118251
-0.7063188593634203,0.4206366117488998,0.5620930941778376
-0.7139701046782674,0.4112599946954332,0.5727907968983673
-0.7175281244949783,0.41896955111141143,0.563033051265944
-0.7084306499076032,0.41351802741445787,0.557843541612862
-0.7134913179240499,0.4140796256267311,0.5683106032576328
-0.709411664078296,0.42638904966370333,0.564249187631373
-0.708536382856749,0.41716010390570346,0.565186358942787
-0.7106436578470903,0.42154010981707263,0.5676723217252408
-0.7158096467908164,0.4042672013339547,0.562841986384887
-0.7200103584111494,0.42095456372238954,0.5704578027948919
-0.7162804786463899,0.4222732928460741,0.5686538546146941
-0.7088345115242342,0.40972208314652464,0.5649423096761507
-0.7088948858550808,0.407892942648521,0.5567788081538124
-0.713224976751118,0.4110473427595308,0.5708976312879934
-0.7106173551983632,0.4201907719788641,0.5687752070454667
-0.7117921944908288,0.41083638705627773,0.5633419055836242
-0.7090723985052877,0.4081075201567742,0.5711686850867845
-0.7139083387068637,0.41406052783623165,0.566290770350854
-0.718138658578579,0.4115090531243725,0.5613175516261324
-0.7117278850086759,0.4309693696448781,0.5605532760684778
-0.7214127328876648,0.41484965663066425,0.5643655736097833
-0.702452428426752,0.4204243307889977,0.5673850809927409
-0.7126444729768151,0.4173279962823183,0.5615777392250724
-0.7195500962274181,0.42156468393066326,0.5638313797388127
-0.7160535205953796,0.4208450127617305,0.5780911981914939
-0.7123699992990365,0.40740171617907145,0.561485639643149
-0.710423493116808,0.41593276497433906,0.5702845009880531
-0.7145736011693055,0.4068097499336853,0.5578838017653324
-0.7104954863997751,0.4098208887760905,0.565199392681201
-0.7095152416757382,0.42346542905737306,0.5723618783633335
-0.7065009208731562,0.42147188667853136,0.5624784373433339
-0.726685670504387,0.4271686726848883,0.5682955600422639
-0.71582317430185,0.41642758083369147,0.5734994647919796
-0.7046961471237894,0.41958511461445036,0.5667001151748821
-0.7161851359923591,0.4172036324884946,0.5664088506473299
-0.7135654156728216,0.4144553788303749,0.5607750335270477
-0.71730853999016,0.40418892242644433,0.5686928186309852
-0.7031588387113797,0.41825222396295075,0.5625714279795943
-0.7128941946124417,0.41496157290858005,0.5725117559833729
-0.7076286903552613,0.41149626897892694,0.5568601506327631
-0.7080968367159897,0.4189534134019693,0.5580689125784312
-0.7130135605296674,0.42289231940024563,0.5649521538392203
-0.711284084099112,0.42047728546713214,0.5657090555557789
-0.7074410198119203,0.41568258743664754,0.56851362531937
-0.7159452631463775,0.41458868518991904,0.5558897480042786
-0.7137564919587325,0.42020705189072444,0.5708426335624114
-0.7196087475545476,0.41636908992541566,0.5643831448387723
-0.7091324102822055,0.41359170279085433,0.5636089420861962
-0.7163312228457657,0.4118764623144938,0.5615403976456085
-0.7106996852413003,0.42484672919090705,0.5757823085543536
-0.6984000899642991,0.4192225166143094,0.5559527608147508
-0.7150385014607145,0.4221625910188095,0.5686033686768077
-0.714484753615821,0.4159923007078193,0.5575729407912658
-0.7081998836150337,0.41646127101785907,0.5652789455860616
-0.7173862576272597,0.4187169194013051,0.5664287867338651
-0.7069026678109835,0.4089301958233929,0.569479730320779
-0.7105185755278555,0.4254917376485401,0.5635504802026866
-0.718438399371319,0.4209380177777304,0.561829124590672
-0.7100461586664776,0.4117913842471795,0.5624090467109453
-0.7156940966146124,0.4243714176830008,0.5693430567568454
-0.7107684972612218,0.42053377109586576,0.5663597144417528
-0.7123371024271605,0.41449493519093855,0.5676973869328293
-0.7212573808873027,0.4183020360766992,0.5621298644615726
-0.7190631972131591,0.41697544315997415,0.5608043579755324
-0.7162703650106813,0.4182571469404717,0.5538326920922001
-0.7144674056542004,0.4155817348465713,0.5593805905860527
-0.7080509398423251,0.4140032763196491,0.5752525809628803
-0.712429258002473,0.4110367871676591,0.5641360085026329
-0.7136220319724506,0.41481607857009545,0.5686110897246097
-0.7176071337737853,0.4181264614917181,0.5648843829344639
-0.7119285331190048,0.40933817869151895,0.5621619089385864
-0.7127777111151883,0.41785279908840534,0.5649353194988308
-0.7092833093283651,0.41973204836358347,0.577279179203684
-0.7197186269970202,0.41772912778715154,0.564703547873504
-0.7084921885258896,0.40595261225817814,0.5651961803512
-0.7137420652539503,0.4289724399747897,0.5633212110429529
-0.7087249693852641,0.40934737516564934,0.5600594816707499
-0.7164636131912843,0.41289828573582105,0.5583387245177223
-0.7172257805017566,0.41131335069096703,0.5733258189907153
-0.7189720246403768,0.4241292867241124,0.5595372291511651
-0.7079841908064687,0.41782807811876344,0.5643654156491523
-0.7198753039539293,0.41663065451880266,0.5579894984088295
-0.7172195637382734,0.4233550264973862,0.5674733711030686
-0.7124250618967839,0.42419963781197684,0.5644818417764158
-0.7096412906656702,0.42086081127670727,0.5656910825026199
-0.7052160660740846,0.4121600637791475,0.5710695109463569
-0.7091759121537431,0.4153988124921491,0.5605760384145781
-0.7149058995044835,0.41242674804855606,0.5628208431831409
-0.7074069781367115,0.4292630012203328,0.5605468393637298
-0.7183172450276097,0.41754226200751116,0.5627752069137419
-0.7104459966146304,0.4175133718247742,0.5605552070669081
-0.7050507008355389,0.4218906073497374,0.574954858595993
-0.718661631239302,0.41754908227479753,0.5692515312613367
-0.7157203945514794,0.4144298050400889,0.5630720548722038
-0.7157616517653135,0.4139670991904876,0.563721455943978
-0.71023935234216,0.4215899149640786,0.567278217194473
-0.7074597870171087,0.41525403809792666,0.5629559102419033
-0.7064695509483592,0.42150605302973326,0.555694119492693
-0.7103365935849816,0.4150733247074278,0.5592725926428839
-0.710538184543509,0.41408097920811116,0.5664843945470759
-0.7106066835409058,0.4188561250128419,0.5640677449130072
-0.7080961133095323,0.42277003935859886,0.5634263595555259
-0.7165734253099224,0.4111875546072398,0.5686525780897353
-0.7027885075284591,0.4209822789883089,0.5666121716414384
-0.7054964031594394,0.41394981736751435,0.555985042211988
-0.710344204557693,0.4249705387886545,0.569621971917711
-0.7048418636571712,0.4110812189718498,0.5657543763661242
-0.7055899931840209,0.41553639664468156,0.5709065233443346
-0.7101643012045725,0.42076720885858027,0.5700373164632835
-0.710094912242376,0.41912348928526216,0.5623681160479908
-0.7122177257138801,0.41473581445874785,0.5668137638711871
-0.7140769845093966,0.4203016897952556,0.5743750026518046
-0.7108830628717979,0.4097979052089724,0.5671986443287875
-0.7041834571596716,0.42191570428165914,0.5653137044716602
-0.7081742715073691,0.4201826746952525,0.5648811488362301
-0.7118485824739568,0.41790486421695405,0.5594981215029083
-0.7138469423300471,0.40910366841680845,0.5684284001491935
-0.7085720813537925,0.42305262434755325,0.5544104481081298
-0.7105937055392614,0.42142279479466993,0.5639477591971398
-0.7094039335218107,0.4176124655817625,0.5685733843412736
-0.7131855491283529,0.417603982501616,0.5601565708483675
-0.7133732485242673,0.4094942899142452,0.567076020917128
-0.714862043193607,0.42399423128533825,0.5588395285176507
-0.7094615439438507,0.42419410759844256,0.5658775912424517
-0.7188043244333246,0.4266783616966065,0.5641734709937487
-0.7033623492675245,0.4110539260050695,0.563288178848358
-0.7133406002368528,0.418058442100787,0.5617624965263152
-0.7145700523071159,0.41842514296303396,0.5733185080247123
-0.7160345778470681,0.4106047114989435,0.5593543526144108
-0.7128200891374348,0.4208823431882051,0.5608223660436513
-0.7241338739620709,0.41335725107384325,0.5601549884602518
-0.7153105693725775,0.41335153537680214,0.5661340825926182
-0.7137429192608151,0.41270791879726054,0.5726878476849204
-0.7020457212106762,0.4153565339675214,0.5636792977673385
-0.7046343358151332,0.41374183022190136,0.5645257811874484
-0.7160056537913219,0.4180712900704878,0.5686609150074686
-0.7107422417179129,0.4164488428236593,0.5573884650108053
-0.7108127855779212,0.4080937436061986,0.56750395905615
-0.7100014117479316,0.4134749688132381,0.5669933265229641
-0.7118563491614807,0.4161078059799696,0.5638703556969915
-0.7040527959578582,0.4105534872487381,0.565792548522597
-0.71625709672241,0.42451145833683235,0.5634695171683912
-0.7203089076184028,0.4211515323615649,0.5663837941321972
-0.7091914315167022,0.42405846775451894,0.5678471530769393
-0.7123096773664931,0.417360376070853,0.5638337488074593
-0.7127329087384277,0.4215111556431997,0.5622834474902084
-0.7126479058482525,0.41723604671187614,0.5657060934586593
-0.7038234313898937,0.4199898783718772,0.5694370892235331
-0.714618111661925,0.41745701030334204,0.5683875109091346
